{
  "explained_variance_ratio": [
    0.7257790046029166,
    0.2067832493987044
  ],
  "components": [
    [
      0.4485298924952895,
      0.44743105985866216,
      -0.038082457153203006,
      0.43451882906194345,
      0.45518175644229714,
      0.4485298924952894
    ],
    [
      0.19724401072067715,
      -0.23600542832668445,
      0.8837707636696,
      0.16559277682147733,
      -0.24087197391432824,
      0.19724401072067713
    ]
  ],
  "feature_names": [
    "population",
    "area",
    "density",
    "log_population",
    "log_area",
    "pop_per_km"
  ]
}